{
    "accuracy": 0.883177570093458,
    "classification_report": "              precision    recall  f1-score   support\n\n           0       0.89      0.96      0.93       327\n           1       0.84      0.62      0.72       101\n\n    accuracy                           0.88       428\n   macro avg       0.87      0.79      0.82       428\nweighted avg       0.88      0.88      0.88       428\n",
    "confusion_matrix": [
        [
            315,
            12
        ],
        [
            38,
            63
        ]
    ],
    "mean_absolute_error": 0.11682242990654206,
    "mean_squared_error": 0.11682242990654206,
    "r_squared": 0.3520452962727465
}