{
    "accuracy": 0.8761682242990654,
    "classification_report": "              precision    recall  f1-score   support\n\n           0       0.88      0.96      0.92       327\n           1       0.83      0.59      0.69       101\n\n    accuracy                           0.88       428\n   macro avg       0.86      0.78      0.81       428\nweighted avg       0.87      0.88      0.87       428\n",
    "confusion_matrix": [
        [
            315,
            12
        ],
        [
            41,
            60
        ]
    ],
    "mean_absolute_error": 0.12383177570093458,
    "mean_squared_error": 0.12383177570093458,
    "r_squared": 0.3131680140491113
}