{
    "accuracy": 0.8785046728971962,
    "classification_report": "              precision    recall  f1-score   support\n\n           0       0.89      0.96      0.92       327\n           1       0.84      0.60      0.70       101\n\n    accuracy                           0.88       428\n   macro avg       0.86      0.78      0.81       428\nweighted avg       0.88      0.88      0.87       428\n",
    "confusion_matrix": [
        [
            315,
            12
        ],
        [
            40,
            61
        ]
    ],
    "mean_absolute_error": 0.12149532710280374,
    "mean_squared_error": 0.12149532710280374,
    "r_squared": 0.3261271081236564
}