{
    "accuracy": 0.883177570093458,
    "classification_report": "              precision    recall  f1-score   support\n\n           0       0.89      0.96      0.93       327\n           1       0.83      0.63      0.72       101\n\n    accuracy                           0.88       428\n   macro avg       0.86      0.80      0.82       428\nweighted avg       0.88      0.88      0.88       428\n",
    "confusion_matrix": [
        [
            314,
            13
        ],
        [
            37,
            64
        ]
    ],
    "mean_absolute_error": 0.11682242990654206,
    "mean_squared_error": 0.11682242990654206,
    "r_squared": 0.3520452962727465
}